{
  "Total" : {
    "transaction" : "Total",
    "sampleCount" : 8,
    "errorCount" : 0,
    "errorPct" : 0.0,
    "meanResTime" : 7867.875,
    "medianResTime" : 8256.5,
    "minResTime" : 468.0,
    "maxResTime" : 10987.0,
    "pct1ResTime" : 10987.0,
    "pct2ResTime" : 10987.0,
    "pct3ResTime" : 10987.0,
    "throughput" : 0.12395029593133153,
    "receivedKBytesPerSec" : 4576.332229643101,
    "sentKBytesPerSec" : 0.05770830428248272
  },
  "archiveAudio" : {
    "transaction" : "archiveAudio",
    "sampleCount" : 1,
    "errorCount" : 0,
    "errorPct" : 0.0,
    "meanResTime" : 468.0,
    "medianResTime" : 468.0,
    "minResTime" : 468.0,
    "maxResTime" : 468.0,
    "pct1ResTime" : 468.0,
    "pct2ResTime" : 468.0,
    "pct3ResTime" : 468.0,
    "throughput" : 2.136752136752137,
    "receivedKBytesPerSec" : 2.25986578525641,
    "sentKBytesPerSec" : 1.0182959401709402
  },
  "Request MP3 Url" : {
    "transaction" : "Request MP3 Url",
    "sampleCount" : 7,
    "errorCount" : 0,
    "errorPct" : 0.0,
    "meanResTime" : 8924.999999999998,
    "medianResTime" : 8404.0,
    "minResTime" : 7682.0,
    "maxResTime" : 10987.0,
    "pct1ResTime" : 10987.0,
    "pct2ResTime" : 10987.0,
    "pct3ResTime" : 10987.0,
    "throughput" : 0.11148982257191094,
    "receivedKBytesPerSec" : 4704.3063286152565,
    "sentKBytesPerSec" : 0.051732024256999964
  }
}